id,content,emotion,valence,bodily
R001,1,0,0,0
R002,0,0,0,0
R003,1,0,0,0
R004,1,0,0,0
R005,1,0,0,0
R006,1,2,-2,0
R007,0,0,0,0
R008,1,0,0,0
R009,1,0,0,0
R010,1,0,0,0
R011,0,0,0,0
R012,1,0,0,0
R013,0,0,0,0
R014,1,0,0,0
R015,1,0,0,0
R016,0,0,0,0
R017,1,0,0,0
R018,1,1,-1,0
R019,1,1,1,0
R020,0,0,0,0
R021,1,2,-2,0
R022,0,0,0,0
R023,1,0,0,0
R024,1,0,0,0
R025,1,0,0,0
R026,1,0,0,0
R027,1,0,0,0
R028,1,0,0,0
R029,1,0,0,0
R030,1,0,0,0
R031,1,0,0,0
R032,1,0,0,0
R033,1,0,0,1
R034,1,0,0,0
R035,1,0,0,0
R036,1,0,0,0
R037,1,0,0,0
R038,1,1,1,0
R039,1,2,2,0
R040,1,0,0,0
R041,1,0,0,1
R042,1,0,0,0
R043,0,0,0,0
R044,0,0,0,0
R045,1,1,-1,0
R046,1,0,0,0
R047,1,0,0,0
R048,1,0,0,0
R049,1,0,0,0
R050,1,0,0,0
R051,0,0,0,0
R052,1,0,0,0
R053,0,0,0,0
R054,1,0,0,0
R055,1,1,1,0
R056,1,1,-1,0
R057,1,0,0,0
R058,1,0,0,0
R059,1,0,0,0
R060,0,0,0,0
R061,1,2,2,0
R062,0,0,0,0
R063,1,1,1,0
R064,1,0,0,0
R065,1,0,0,0
R066,1,0,0,0
R067,1,0,0,0
R068,0,0,0,0
R069,1,2,0,0
R070,0,0,0,0
R071,1,2,-1,0
R072,1,0,0,0
R073,1,0,0,0
R074,1,0,0,1
R075,1,0,0,0
R076,0,0,0,0
R077,1,0,0,0
R078,0,0,0,0
R079,1,0,0,0
R080,1,1,-1,0
R081,1,1,-1,0
R082,1,0,0,0
R083,1,0,0,0
R084,1,0,0,0
R085,1,0,0,0
R086,1,0,0,0
R087,1,0,0,0
R088,1,0,0,0
R089,1,0,0,0
R090,1,0,0,0
R091,1,0,0,0
R092,1,0,0,0
R093,1,0,0,0
R094,1,0,0,0
R095,1,0,0,0
R096,0,0,0,0
R097,0,0,0,0
R098,0,0,0,0
R099,1,1,1,0
R100,0,0,0,0
R101,1,2,-1,0
R102,1,0,0,0
R103,1,0,0,0
R104,1,0,0,0
R105,1,0,0,0
R106,1,0,0,0
R107,1,0,0,0
R108,1,0,0,0
R109,1,2,-2,0
R110,1,2,-1,0
R111,1,0,0,0
R112,1,0,0,0
R113,1,1,0,0
R114,1,0,0,0
R115,1,2,1,0
R116,1,1,1,1
R117,1,0,0,0
R118,1,0,0,0
R119,1,0,0,0
R120,1,0,0,0
R121,1,0,0,0
R122,1,0,0,0
R123,1,0,0,0
R124,1,0,0,0
R125,1,0,0,0
R126,1,0,0,0
R127,1,1,1,0
R128,0,0,0,0
R129,1,0,0,0
R130,0,0,0,0
R131,0,0,0,0
R132,0,0,0,0
R133,1,0,0,0
R134,1,0,0,0
R135,1,0,0,0
R136,0,0,0,0
R137,1,0,0,0
R138,1,1,1,1
R139,1,0,0,1
R140,1,0,0,0
R141,1,0,0,0
R142,1,0,0,0
R143,1,1,-1,0
R144,1,0,0,0
R145,1,0,0,0
R146,1,0,0,0
R147,1,0,0,0
R148,1,0,0,0
R149,1,1,-1,0
R150,1,1,0,0
R151,1,0,0,1
R152,1,1,1,0
R153,0,0,0,0
R154,1,0,0,0
R155,1,1,1,0
R156,1,0,0,0
R157,1,0,0,0
R158,1,0,0,0
R159,0,0,0,0
R160,1,0,0,0
R161,0,0,0,0
R162,1,0,0,0
R163,1,1,-1,0
R164,0,0,0,0
R165,1,0,0,0
R166,1,0,0,0
R167,1,0,0,0
R168,0,0,0,0
R169,1,0,0,0
R170,1,0,0,0
R171,1,0,0,0
R172,0,0,0,0
R173,1,1,1,1
R174,1,0,0,0
R175,1,0,0,0
R176,1,0,0,0
R177,1,0,0,0
R178,1,0,0,0
R179,1,0,0,0
R180,1,1,-1,0
R181,1,0,0,0
R182,1,0,0,0
R183,1,0,0,0
R184,1,0,0,0
R185,1,0,0,0
R186,1,0,0,0
R187,1,0,0,0
R188,0,0,0,0
R189,1,0,0,0
R190,1,0,0,0
R191,1,0,0,0
R192,1,0,0,0
R193,1,2,2,0
R194,0,0,0,0
R195,1,0,0,0
R196,0,0,0,0
R197,1,0,0,0
R198,0,0,0,0
R199,1,0,0,0
R200,1,0,0,0
R201,1,0,0,0
R202,1,1,-1,0
R203,1,0,0,0
R204,1,2,-2,0
R205,1,0,0,0
R206,1,0,0,0
R207,1,0,0,0
R208,1,0,0,0
R209,1,0,0,0
R210,1,0,0,0
R211,1,0,0,0
R212,0,0,0,0
R213,1,0,0,0
R214,1,0,0,0
R215,0,0,0,0
R216,1,0,0,0
R217,0,0,0,0
R218,0,0,0,0
R219,1,0,0,0
R220,1,0,0,0
R221,1,2,2,0
R222,1,0,0,0
R223,1,0,0,1
R224,0,0,0,0
R225,1,1,-1,0
R226,0,0,0,0
R227,0,0,0,0
R228,0,0,0,0
R229,0,0,0,0
R230,0,0,0,0
R231,1,0,0,0
R232,1,2,-2,0
R233,1,0,0,0
R234,1,0,0,0
R235,1,0,0,0
R236,1,0,0,0
R237,1,0,0,0
R238,1,0,0,0
R239,1,0,0,0
R240,0,0,0,0
R241,1,0,0,0
R242,0,0,0,0
R243,1,1,-1,0
R244,1,0,0,0
R245,1,0,0,0
R246,1,0,0,0
R247,0,0,0,0
R248,1,0,0,0
R249,0,0,0,0
R250,1,1,-1,0
R251,0,0,0,0
R252,1,0,0,0
R253,1,0,0,0
R254,0,0,0,0
R255,0,0,0,0
R256,1,0,0,0
R257,1,2,1,0
R258,1,0,0,1
R259,1,0,0,0
R260,0,0,0,0
R261,1,0,0,0
R262,0,0,0,0
R263,1,0,0,0
R264,0,0,0,0
R265,1,0,0,0
R266,1,0,0,0
R267,0,0,0,0
R268,0,0,0,0
R269,1,0,0,0
R270,0,0,0,0
R271,1,0,0,0
R272,1,0,0,0
R273,1,0,0,0
R274,1,0,0,1
R275,1,0,0,0
R276,1,0,0,0
R277,1,0,0,0
R278,1,2,-2,0
R279,1,0,0,0
R280,0,0,0,0
R281,1,0,0,0
R282,0,0,0,0
R283,1,1,0,0
R284,0,0,0,0
R285,0,0,0,0
R286,1,0,0,0
R287,1,0,0,0
R288,1,0,0,0
R289,1,0,0,0
R290,1,0,0,0
R291,1,2,-2,0
R292,0,0,0,0
R293,1,0,0,0
R294,1,0,0,0
R295,1,0,0,0
R296,0,0,0,0
R297,1,0,0,0
R298,1,0,0,0
R299,1,0,0,0
R300,0,0,0,0
R301,1,0,0,0
R302,1,0,0,0
R303,1,2,2,0
R304,1,0,0,0
R305,1,2,-1,0
R306,0,0,0,0
R307,0,0,0,0
R308,1,0,0,0
